5396 Box Elder Rd,Marshall,WI,53559
? US-14,Fitchburg,WI,53575
5115 Church St,McFarland,WI,53558
2301 Advance Rd,Madison,WI,53718
? Ring Rd,Cottage Grove,WI,53527
4867 WI-19,Waunakee,WI,53597
6421 Millpond Rd,Madison,WI,53718
52 Glen Arbor Way,Fitchburg,WI,53711
161 Brickson Rd,Edgerton,WI,53534
2727 Co Rd V,Rio,WI,53960
W8894 Stoney Brook Rd,Waterloo,WI,53594
4711 Sumac Rd,Middleton,WI,53562
? US-12,Monona,WI,53713
1280 Clarmar Dr,Sun Prairie,WI,53590
2758 Lalor Road,Oregon,WI,53575
4660 Baxter Rd,Cottage Grove,WI,53527
2055 Rivirie Ln,Edgerton,WI,53534
907 Sherman Dr,Marshall,WI,53559
7366 Old Sauk Rd,Madison,WI,53717
926 Zander Ln,Deerfield,WI,53531
4045 Bannon Rd,Marshall,WI,53559
N8640 Sunset View Ln,Waterloo,WI,53594
3333 Elvehjem Rd,McFarland,WI,53558
701 Sherman Dr,Marshall,WI,53559
9063 County Rd C,Fort Atkinson,WI,53538
4289 Co Hwy TT,Sun Prairie,WI,53590
2248 Williams Dr,Stoughton,WI,53589
127 County Hwy N,Edgerton,WI,53534
? Wesner Ln,Verona,WI,53593
6611 Prairie Hill Cir,Sun Prairie,WI,53590
3451 Co Rd V,?,WI,53532
5817 Lochinvars Trail,Marshall,WI,53559
365 WI-138,Stoughton,WI,53589
4600 Waterman Way,Monona,WI,53716
1713 US-51,Stoughton,WI,53589
5226 Nature Dr,Sun Prairie,WI,53590
N6958 Newville Rd,Waterloo,WI,53594
? Jackson Harbor Path,Waunakee,WI,53597
1364 Willow Dr,Edgerton,WI,53534
5710 Town Hall Dr,Sun Prairie,WI,53590
3000 S Gammon Rd,Madison,WI,53719
W9345 Danielson Rd,Edgerton,WI,53534
? Bong Rd,Waunakee,WI,53597
7451 Lee St,Middleton,WI,53562
1833 Paddock Pl,Fitchburg,WI,53575
4800 McDaniel Ln,McFarland,WI,53558
4813 Goodland Park Rd,Fitchburg,WI,53575
140 Lakewood Blvd,Madison,WI,53704
N3499 County Rd A,Fort Atkinson,WI,53538
920 Prairie Queen Rd,Cambridge,WI,53523
190 Evergreen Dr,Marshall,WI,53559
3701 Oak Park Rd,Deerfield,WI,53531
300 County Hwy N,Stoughton,WI,53589
1414 Berlin Rd,Marshall,WI,53559
640 E Church Rd,Cambridge,WI,53523
3444 Old Meier Rd,Madison,WI,53718
? Unnamed Road,Stoughton,WI,53589
5227 Co Hwy CC,Oregon,WI,53575
2859 Siggelkow Rd,McFarland,WI,53558
2114 Westchester Rd,Fitchburg,WI,53711
5141 Bong Rd,Waunakee,WI,53597
2031 Hammond Rd,Stoughton,WI,53589
6343 Schlimgen Rd,Marshall,WI,53559
942 E Church Rd,Cambridge,WI,53523
1110 Acewood Blvd,Madison,WI,53716
2296 Florence Ln,Sun Prairie,WI,53590
5235 Locust Grove Rd,Oregon,WI,53575
1202 S Park St,Madison,WI,53715
1603 WI-73,Cambridge,WI,53523
123 Munson Rd,Cambridge,WI,53523
616 Co Rd B,Cambridge,WI,53523
W8955 Ripley Rd,Cambridge,WI,53523
225 Sun Prairie Rd,Waterloo,WI,53594
1112 WI-19,Marshall,WI,53559
2373 S Fish Hatchery Rd,Fitchburg,WI,53711
7526 County Hwy N,Sun Prairie,WI,53590
2934 Tracy Ln,Stoughton,WI,53589
2614 Evergreen Dr,Cambridge,WI,53523
482 S Segoe Rd,Madison,WI,53711
? WI-113,Waunakee,WI,53597
260 Canal Rd,Marshall,WI,53559
2060 Pleasant Dr,Cambridge,WI,53523
3646 Ridge Rd,Deerfield,WI,53531
6381 Pheasant Ln,Verona,WI,53593
5785 Co Hwy Q,Waunakee,WI,53597
4821 Goodland Park Rd,Fitchburg,WI,53575
? N Perry Pkwy,Oregon,WI,53575
5868 County Hwy M,Fitchburg,WI,53575
706 W Madison St,Waterloo,WI,53594
128 County Hwy TV,Waterloo,WI,53594
6363 Co Hwy K,Waunakee,WI,53597
6522 Deansville Rd,Marshall,WI,53559
804 Felland Rd,Madison,WI,53718
N3651 N Oakland Rd,Fort Atkinson,WI,53538
? I-94,Madison,WI,53718
840 Co Rd B,Cambridge,WI,53523
2281 Nora Rd,Cottage Grove,WI,53527
2425 WI-19,Sun Prairie,WI,53590
5367 WI-73,Marshall,WI,53559
4832 Cuba Valley Rd,?,WI,53532
4973 Co Rd TT,Cottage Grove,WI,53527
3303 State Highway 134,Marshall,WI,53559
3361 Peterson Rd,McFarland,WI,53558
618 Vitse Ln,Marshall,WI,53559
769 Washington Rd,Edgerton,WI,53534
6200 Co Rd VV,Sun Prairie,WI,53590
5408 Langer Rd,Marshall,WI,53559
5443 Tower Line Rd,Marshall,WI,53559
5669 Box Elder Rd,Marshall,WI,53559
1101 Gammon Ln,Madison,WI,53719
6032 Overlook Dr,McFarland,WI,53558
5827 Adams Rd,Fitchburg,WI,53575
6247 Meffert Rd,Waunakee,WI,53597
3636 Casara Rd,Oregon,WI,53575
4425 Waterman Rd,Oregon,WI,53575
1769 Ellen Ln,Stoughton,WI,53589
1160 Pleasant Hill Rd,Stoughton,WI,53589
4626 WI-73,Deerfield,WI,53531
N1867 Trokstad Rd,Edgerton,WI,53534
5200 US-151,Fitchburg,WI,53711
3801 Vilas Rd,Cottage Grove,WI,53527
1570 Traut Rd,Marshall,WI,53559
4974 Thorson Rd,Sun Prairie,WI,53590
3741 WI-138,Stoughton,WI,53589
3187 Sunnyside St,Stoughton,WI,53589
5146 Ridge Rd,Marshall,WI,53559
1443 Mueller Rd,Marshall,WI,53559
6271 Whalen Rd,Fitchburg,WI,53593
12 Aarback Rd,Cambridge,WI,53523
10101 WI-59,Edgerton,WI,53534
N5552 Palladio St,Cambridge,WI,53523
2535 Bailey Rd,Sun Prairie,WI,53590
6545 Patton Rd,Waunakee,WI,53597
3785 Janelle Ln,Cottage Grove,WI,53527
2800 Larsen Rd,Fitchburg,WI,53711
280 WI-113,Madison,WI,53704
2 Union Rd,Brooklyn,WI,53521
2015 Greenway Rd,Sun Prairie,WI,53590
6343 Schlimgen Rd,Marshall,WI,53559
1677 Rinden Rd,Deerfield,WI,53531
522 John Nolen Dr,Madison,WI,53713
4777 Pierceville Rd,Cottage Grove,WI,53527
5972 Haase Rd,?,WI,53532
3424 County Hwy MN,McFarland,WI,53558
3655 County Rd O,Cambridge,WI,53523
2778 Florann Dr,Fitchburg,WI,53711
1589 S Hammen Rd,Edgerton,WI,53534
10100 WI-59,Edgerton,WI,53534
4263 Larson Hollow Rd,Deerfield,WI,53531
715 Co Hwy PQ,Cambridge,WI,53523
1221 Washington Rd,Stoughton,WI,53589
380 Bus Park Cir,Stoughton,WI,53589
432 Farwell Dr,Madison,WI,53704
6067 Basswood Dr,Fitchburg,WI,53719
4660 Baxter Rd,Cottage Grove,WI,53527
1058 Starr School Rd,Stoughton,WI,53589
635 Hillside Rd,Edgerton,WI,53534
1714 Labrador Rd,Oregon,WI,53575
4543 Winnequah Rd,Monona,WI,53716
1657 Slinde Rd,Stoughton,WI,53589
N7388 Mulderink Ln,Waterloo,WI,53594
1028 US-12,Deerfield,WI,53531
3385 County Rd A,Stoughton,WI,53589
2 Governors Island Pkwy,Madison,WI,53704
2522 Evergreen Dr,Cambridge,WI,53523
3030 Yarmouth Greenway Dr,Fitchburg,WI,53711
852 Canal Rd,Marshall,WI,53559
11201 N Church St,Evansville,WI,53536
205 Scenic Cir,Marshall,WI,53559
305 N Rutland Ave,Brooklyn,WI,53521
558 Lexington Dr,Oregon,WI,53575
W9326 WI-106,Edgerton,WI,53534
1401 Packers Ave,Madison,WI,53704
4603 Baxter Rd,Cottage Grove,WI,53527
? I-94,Marshall,WI,53559
7600 WI-59,Edgerton,WI,53534
4359 WI-138,Oregon,WI,53575
2117 Caine Rd,Fitchburg,WI,53575
2217 County Hwy W,Cambridge,WI,53523
5184 WI-19,Waunakee,WI,53597
3735 Co Hwy B,McFarland,WI,53558
4269 Libby Rd,Madison,WI,53711
5386 Town Hall Dr,Sun Prairie,WI,53590
719 Farwell Dr,Madison,WI,53704
7801 Norway Rd,?,WI,?
1261 Pleasant Hill Rd,Stoughton,WI,53589
761 Maple Grove Rd,Edgerton,WI,53534
1900 Commercial Ave,Madison,WI,53704
W9368 London Rd,Cambridge,WI,53523
137 Dunning St,Madison,WI,53704
1072 Collins Rd,Stoughton,WI,53589
1020 Derby Dr,Sun Prairie,WI,53590
1534 Spring Rd,Stoughton,WI,53589
3794 Grouse Haven Rd,Oregon,WI,53575
871 WI-73,Edgerton,WI,53534
2087 County Hwy W,Stoughton,WI,53589
6901 Bluff Point Dr,Madison,WI,53718
4321 Winnequah Rd,Monona,WI,53716
5208 Bong Rd,Waunakee,WI,53597
4410 Hammersley Rd,Madison,WI,53711
? Brekken Dr,Edgerton,WI,53534
? Military Ridge State Trail,Verona,WI,53593
5738 Portage Rd,Madison,WI,53718
1918 Schuster Rd,Oregon,WI,53575
5212 Trafalger Pl,Madison,WI,53714
1511 Co Rd B,Stoughton,WI,53589
1758 County Hwy N,Stoughton,WI,53589
? General Dr,Sun Prairie,WI,53590
2074 Di Piazza Dr,Cottage Grove,WI,53527
? Badger State Trail,Fitchburg,WI,53719
5132 Voges Rd,Madison,WI,53718
4400 Stace Rd,McFarland,WI,53558
15 Veith Rd,Marshall,WI,53559
527 Hillside Rd,Edgerton,WI,53534
6248 WI-73,Marshall,WI,53559
2863 County Hwy W,Deerfield,WI,53531
659 Farwell Dr,Madison,WI,53704
6455 Co Hwy C,?,WI,53532
313 Santa Fe Trail,Waunakee,WI,53597
340 State Farm Rd,Deerfield,WI,53531
914 Windsor St,Sun Prairie,WI,53590
? Glacial Drumlin Bike Trail,Deerfield,WI,53531
904 Grove St,Sun Prairie,WI,53590
1201 Sunrise Rd,Oregon,WI,53575
5511 E Cheryl Pkwy,Fitchburg,WI,53711
2207 Fox Ave,Madison,WI,53711
2745 Bailey Rd,Sun Prairie,WI,53590
523 Canal Rd,Marshall,WI,53559
971 WI-138,Stoughton,WI,53589
4398 Messerschmidt Rd,Madison,WI,53704
? US-14,Fitchburg,WI,53711
2079 Co Hwy MM,Fitchburg,WI,53575
5590 Co Rd VV,Sun Prairie,WI,53590
1072 County Rd A,Edgerton,WI,53534
6990 Portage Rd,?,WI,53532
? Tesmer Dr,Waterloo,WI,53594
? Glacial Drumlin Bike Trail,Deerfield,WI,53531
3042 Vinburn Rd,Sun Prairie,WI,53590
5805 Monona Dr,Monona,WI,53716
3787 County Rd B,McFarland,WI,53558
6462 Shady Bend,Verona,WI,53593
5303 Hoboken Rd,Madison,WI,53713
4162 County Hwy AB,Madison,WI,53718
1273 Lathers Rd,Oregon,WI,53575
3030 Ohmeda Dr,Madison,WI,53718
4325 Old Stage Rd,Brooklyn,WI,53521
6838 Portage Rd,?,WI,53532
2342 Uphoff Rd,Cottage Grove,WI,53527
5 Arizona Cir,Madison,WI,53704
1710 Bellewood Dr,Waunakee,WI,53597
1932 Caine Rd,Fitchburg,WI,53575
2503 Leslie Rd,Stoughton,WI,53589
1712 WI-19,Marshall,WI,53559
1386 WI-19,Marshall,WI,53559
3932 Vilas Hope Rd,Cottage Grove,WI,53527
3928 Partridge Rd,?,WI,53532
681 Fisch Rd,Marshall,WI,53559
754 Felland Rd,Madison,WI,53718
W8994 Hope Lake Rd,Cambridge,WI,53523
2933 Camp Leonard Rd,McFarland,WI,53558
2305 Carpenter Swain Rd,Cambridge,WI,53523
N8640 Sunset View Ln,Waterloo,WI,53594
4896 High Chaparral Rd,Marshall,WI,53559
4911 Ridge Rd,Deerfield,WI,53531
1385 Spring Rd,Stoughton,WI,53589
2017 Bristol St,Middleton,WI,53562
4412 Mahoney Rd,McFarland,WI,53558
2002 Shafer Dr,Fitchburg,WI,53711
6648 Deansville Rd,Marshall,WI,53559
? Glacial Drumlin Bike Trail,Cambridge,WI,53523
W9329 Britzke Rd,Cambridge,WI,53523
W8586 US-12,Fort Atkinson,WI,53538
3398 Co Rd V,?,WI,53532
1030 Bliven Rd,Edgerton,WI,53534
4540 Rustic Dr,Madison,WI,53718
4301 County Rd O,Marshall,WI,53559
5075 Lincoln Rd,Oregon,WI,53575
3333 Femrite Dr,Madison,WI,53718
7423 Wilburn Rd,Sun Prairie,WI,53590
2057 Spring Rd,Stoughton,WI,53589
? Parkwood St,Madison,WI,53718
2871 Vinburn Rd,Sun Prairie,WI,53590
3339 Rutland Dunn Town Line Rd,Stoughton,WI,53589
N3657 County Rd A,Fort Atkinson,WI,53538
759 Tower Dr,Stoughton,WI,53589
? I-94,Windsor,WI,53598
190 Munson Rd,Cambridge,WI,53523
6416 Town Hall Dr,Sun Prairie,WI,53590
2863 County Hwy W,Deerfield,WI,53531
1229 Elizabeth St,Madison,WI,53703
1613 Slinde Rd,Stoughton,WI,53589
? I-94,?,WI,53532
2946 Tracy Ln,Stoughton,WI,53589
4142 Ridge Rd,Deerfield,WI,53531
5555 Kupfer Rd,Waunakee,WI,53597
603 Craig Rd,Edgerton,WI,53534
1310 Schlueter Rd,Deerfield,WI,53531
3448 Thorstad Ln,Deerfield,WI,53531
1696 Co Hwy T,Marshall,WI,53559
5356 Co Hwy M,Waunakee,WI,53597
5973 Woodland Dr,Waunakee,WI,53597
? Fredenberg Rd,?,WI,53532
1019 Maple Grove Rd,Edgerton,WI,53534
N3602 Oestreich Ln,Fort Atkinson,WI,53538
5723 US-51,Madison,WI,53704
1790 Veterans Rd,Stoughton,WI,53589
2586 Highland Dr,Cambridge,WI,53523
6478 Co Hwy TT,Marshall,WI,53559
6605 Co Hwy I,Waunakee,WI,53597
1929 Skyline Dr,Stoughton,WI,53589
? 911 Rd,Deerfield,WI,53531
1516 Margit Ct,Stoughton,WI,53589
3553 Old Stone Rd,Stoughton,WI,53589
1880 Co Rd V,Sun Prairie,WI,53590
4701 Rattman Rd,Madison,WI,53718
7253 Portage Rd,?,WI,53532
1218 Drotning Rd,?,WI,?
? ABS Bullevard,DeForest,WI,53532
11947 N Dallman Rd,Edgerton,WI,53534
? I-94,?,WI,53532
4943 Ridge Rd,Deerfield,WI,53531
1768 Kaase Rd,Stoughton,WI,53589
7507 Co Hwy VV,Sun Prairie,WI,53590
N4712 Bigelow Rd,Lake Mills,WI,53551
281 County Hwy TV,Waterloo,WI,53594
7266 Co Hwy VV,Sun Prairie,WI,53590
468 London Rd,Deerfield,WI,53531
5601 County Hwy M,Fitchburg,WI,53575
2844 WI-73,Cambridge,WI,53523
5859 Co Hwy C,Sun Prairie,WI,53590
8453 W Stebbinsville Rd,Edgerton,WI,53534
494 Windmill Rd,Brooklyn,WI,53521
N7809 Toppe Rd,Waterloo,WI,53594
3695 Halverson Rd,Stoughton,WI,53589
2534 County Rd W,Stoughton,WI,53589
1744 Greenway Rd,Sun Prairie,WI,53590
5801 Co Rd VV,Marshall,WI,53559
4973 Ridge Rd,Deerfield,WI,53531
1609 Landmark Dr,Cottage Grove,WI,53527
1918 Schuster Rd,Oregon,WI,53575
W7844 Hope Lake Rd,Lake Mills,WI,53551
2251 Kilgust Rd,Monona,WI,53713
85 E Waterloo Rd,Waterloo,WI,53594
W7712 Conservation Rd,Lake Mills,WI,53551
N3198 County Rd A,Fort Atkinson,WI,53538
6049 Twin Lane Rd,Marshall,WI,53559
3077 County Hwy BN,Cottage Grove,WI,53527
140 Cedar St,Brooklyn,WI,53521
? I-90,Edgerton,WI,53534
1583 County Hwy N,Stoughton,WI,53589
5341 Regal Rd,Sun Prairie,WI,53590
2602 Lake Mendota Dr,Madison,WI,53705
1520 Pebblebrook Trail,Sun Prairie,WI,53590
423 Bramble Ln,Brooklyn,WI,53521
852 Canal Rd,Marshall,WI,53559
N8480 WI-89,Waterloo,WI,53594
5680 Whalen Rd,Fitchburg,WI,53575
? Tesmer Dr,Waterloo,WI,53594
1350 E Broadway,Monona,WI,53716
2520 County Hwy N,Stoughton,WI,53589
4846 Town Hall Dr,Sun Prairie,WI,53590
? I-94,Waterloo,WI,53594
819 Veium Rd,Stoughton,WI,53589
1350 E Broadway,Monona,WI,53716
6363 Co Hwy K,Waunakee,WI,53597
6396 WI-73,Waterloo,WI,53594
3559 US-151,Sun Prairie,WI,53590
401 US-51,Stoughton,WI,53589
7501 Welton Dr,Madison,WI,53719
7138 Reston Heights Dr,Madison,WI,53718
4901 S Park St,Madison,WI,53718
5679 Concord Dr,Fitchburg,WI,53575
1039 Tipperary Rd,Oregon,WI,53575
538 Windmill Rd,Brooklyn,WI,53521
? US-51,Stoughton,WI,53589
1984 Berlin Rd,Sun Prairie,WI,53590
1497 Oak Opening Dr,Stoughton,WI,53589
2991 County Hwy MN,McFarland,WI,53558
N2838 County Rd A,Fort Atkinson,WI,53538
3042 Bosben Rd,Deerfield,WI,53531
2323 Skaalen Rd,Stoughton,WI,53589
3060 Shadyside Dr,Stoughton,WI,53589
6201 Co Rd VV,Sun Prairie,WI,53590
1404 Ramsey Rd,Stoughton,WI,53589
996 Storytown Rd,Brooklyn,WI,53521
2311 Co Rd T,Sun Prairie,WI,53590
38 County Hwy N,Edgerton,WI,53534
3766 WI-19,Sun Prairie,WI,53590
6185 Stony Hill Dr,Oregon,WI,53575
1129 County Rd A,Edgerton,WI,53534
W8964 Town Hall Rd,Waterloo,WI,53594
357 County Hwy TV,Waterloo,WI,53594
5723 US-51,Madison,WI,53704
6009 N Sherman Ave,Madison,WI,53704
2909 Brandon Rd,Madison,WI,53719
? County Hwy N,Sun Prairie,WI,53590
1112 WI-138,Stoughton,WI,53589
4469 Kennedy Rd,Cottage Grove,WI,53527
312 County Hwy TV,Waterloo,WI,53594
? US-14,Fitchburg,WI,53711
N8360 Skalitzky Ln,Waterloo,WI,53594
4313 Buckley Rd,?,WI,53532
324 S Page St,Stoughton,WI,53589
2802 International Ln,Madison,WI,53704
7299 Wilburn Rd,Sun Prairie,WI,53590
1948 County Rd N,Stoughton,WI,53589
1820 Schuster Rd,Oregon,WI,53575
1710 Michigan Ave,Sun Prairie,WI,53590
3005 Linnerud Dr,Stoughton,WI,53589
260 Washington Rd,Edgerton,WI,53534
6234 Co Hwy I,Waunakee,WI,53597
6721 Deansville Rd,Marshall,WI,53559
4599 Buckley Rd,Madison,WI,53704
430 County Hwy N,Stoughton,WI,53589
805 Union Rd,Oregon,WI,53575
? Pearson St,Madison,WI,53704
W8135 US-18,Cambridge,WI,53523
2461 Tower Dr,Stoughton,WI,53589
2005 Skaalen Rd,Stoughton,WI,53589
3000 County Hwy MN,McFarland,WI,53558
4984 County Hwy N,Cottage Grove,WI,53527
1781 Fair Pheasant Way,Sun Prairie,WI,53590
2157 Davis Hills Dr,Verona,WI,53593
4381 Co Hwy TT,Sun Prairie,WI,53590
2410 Co Hwy BN,Stoughton,WI,53589
46 Scheildt,Edgerton,WI,53534
701 Hillcrest Ln,Oregon,WI,53575
2539 Co Hwy MM,Fitchburg,WI,53711
3559 US-151,Sun Prairie,WI,53590
599 N Butler St,Madison,WI,53703
1945 Spring Rd,Stoughton,WI,53589
6176 Co Hwy TT,Marshall,WI,53559
1379 State St,Black Earth,WI,53515
301 Co Rd B,Cambridge,WI,53523
7441 Co Hwy C,?,WI,53532
N8817 County Rd O,Waterloo,WI,53594
2323 Skaalen Rd,Stoughton,WI,53589
641 US-51,Stoughton,WI,53589
N8817 County Rd O,Waterloo,WI,53594
2779 Co Hwy T,Sun Prairie,WI,53590
4138 Nakoma Rd,Madison,WI,53711
968 Clarkson Rd,Marshall,WI,53559
6742 WI-73,Marshall,WI,53559
801 Cottage Grove Rd,Madison,WI,53716
5373 Pierceville Rd,Cottage Grove,WI,53527
? Cannonball Path,Fitchburg,WI,53711
402 Kedzie St,Madison,WI,53704
6351 American Pkwy,Madison,WI,53718
213 Rowe St,Stoughton,WI,53589
N3210 County Rd A,Fort Atkinson,WI,53538
961 US-12,Deerfield,WI,53531
7518 Norway Rd,?,WI,53532
135 US-12,Cambridge,WI,53523
3922 Evan Acres Rd,Madison,WI,53718
? Jadon Dr,Madison,WI,53718
575 London Rd,Deerfield,WI,53531
1511 Pleasant Hill Rd,Stoughton,WI,53589
3238 Manchester Rd,Madison,WI,53719
579 Fisch Rd,Marshall,WI,53559
W9344 S Cedar Rd,Cambridge,WI,53523
? Carriage Ridge Path,Waunakee,WI,53597
6568 Co Hwy C,?,WI,?
? Co Rd V,?,WI,53532
W8698 Perry Rd,Fort Atkinson,WI,53538
2032 Skaalen Rd,Stoughton,WI,53589
4506 Kennedy Rd,Cottage Grove,WI,53527
7584 Berry Ln,?,WI,53532
1046 Fincastle St,Oregon,WI,53575
701 W Dean Ave,Madison,WI,53716
5183 County Hwy M,Fitchburg,WI,53575
8875 Airport Rd,Waterloo,WI,53594
1762 US-12,Deerfield,WI,53531
5712 S Bird St,Sun Prairie,WI,53590
206A North St,Cambridge,WI,53523
3129 Egre Rd,Sun Prairie,WI,53590
1820 County Rd E,Blue Mounds,WI,53517
1907 Co Hwy T,Marshall,WI,53559
? US-14,Madison,WI,53717
784 Tower Dr,Stoughton,WI,53589
1772 Hammond Rd,Edgerton,WI,53534
5439 Cuba Valley Rd,Waunakee,WI,53597
1559 Mueller Rd,Marshall,WI,53559
6500 County Hwy N,Sun Prairie,WI,53590
W8998 Hope Lake Rd,Cambridge,WI,53523
? Cannonball Path,Fitchburg,WI,53711
291 Hoopen Rd,Cambridge,WI,53523
1520 Vernon St,Stoughton,WI,53589
W8831 London Rd,Cambridge,WI,53523
5107 Daley Rd,?,WI,53532
W9344 S Cedar Rd,Cambridge,WI,53523
3101 Clear View Rd,Cambridge,WI,53523
? Schenk Ln,Marshall,WI,53559
995 Goehl Rd,Waterloo,WI,53594
? Oak Savanna Trail,Waunakee,WI,53597
1314 Flint Rd,Stoughton,WI,53589
2501 WI-73,Cambridge,WI,53523
548 WI-138,Stoughton,WI,53589
3648 Ridge Rd,Deerfield,WI,53531
4039 Old Stone Rd,Oregon,WI,53575
N3281 S Oakland Rd,Fort Atkinson,WI,53538
1500 Calico Ln,Sun Prairie,WI,53590
1557 Burve Rd,Deerfield,WI,53531
N8083 Fuchs Ln,Waterloo,WI,53594
? I-90,Stoughton,WI,53589
6529 US-12,Madison,WI,53718
423 Bramble Ln,Brooklyn,WI,53521
4274 Weier Ln,Deerfield,WI,53531
W9088 Town Hall Rd,Waterloo,WI,53594
717 Post Rd,Madison,WI,53713
2837 Skyline Cir,Stoughton,WI,53589
1601 Meadow Ln,Sun Prairie,WI,53590
13601 WI-59,Evansville,WI,53536
6343 Schlimgen Rd,Marshall,WI,53559
1422 US-151,Columbus,WI,53925
4817 Tower Line Rd,Marshall,WI,53559
1557 Co Hwy MS,Madison,WI,53726
2212 Skaalen Rd,Stoughton,WI,53589
5809 County Hwy D,Oregon,WI,53575
7600 Portage Rd,?,WI,53532
520 E Holum St,DeForest,WI,53532
6800 Wilburn Rd,Sun Prairie,WI,53590
W9039 Hartwig Rd,Cambridge,WI,53523
N7420 Rock Lake Rd,Lake Mills,WI,53551
5615 Twin Lane Rd,Marshall,WI,53559
12101 WI-59,Evansville,WI,53536
? Mitchell St,Madison,WI,53704
3835 WI-138,Stoughton,WI,53589
664 Oak Dr,Edgerton,WI,53534
10071 N Wilder Rd,Evansville,WI,53536
N3784 N Oakland Rd,Fort Atkinson,WI,53538
717 Sherman Dr,Marshall,WI,53559
302 Adams St,Waterloo,WI,53594
6846 Elder Ln,Sun Prairie,WI,53590
2972 Waubesa Ave,Madison,WI,53711
1746 WI-73,Cambridge,WI,53523
3553 Vinburn Rd,?,WI,53532
6502 Broetzman Rd,Waterloo,WI,53594
? Gammon Pl,Madison,WI,53719
1204 Berlin Rd,Marshall,WI,53559
5145 County Rd A,Oregon,WI,53575
N5345 Co Rd A,Lake Mills,WI,53551
5001 Tony Ln,Brooklyn,WI,53521
5470 Gunflint Trail,Fitchburg,WI,53711
6523 WI-73,Marshall,WI,53559
5014 Paulson Rd,McFarland,WI,53558
1206 Sherman Ave,Madison,WI,53703
5025 Missouri Rd,Marshall,WI,53559
3178 Co Rd V,?,WI,53532
1900 Eastwood Dr,Madison,WI,53704
3509 Prairie Dr,Deerfield,WI,53531
3359 County Rd,McFarland,WI,53558
2508 Lalor Road,Oregon,WI,53575
? Weidemann Dr,Marshall,WI,53559
333 Severson Ln,Stoughton,WI,53589
6433 Nesbitt Rd,Madison,WI,53719
3447 Halverson Rd,Stoughton,WI,53589
4387 Old Stone Rd,Oregon,WI,53575
4264 County Rd B,Oregon,WI,53575
4269 Old Stage Rd,Brooklyn,WI,53521
N3018 County Rd A,Fort Atkinson,WI,53538
? Vinburn Rd,DeForest,WI,53532
346 E Lakeside St,Madison,WI,53715
N7927 Newville Rd,Waterloo,WI,53594
315 Co Hwy MM,Brooklyn,WI,53521
4335 Schneider Dr,Oregon,WI,53575
1141 Koshkonong Rd,Cambridge,WI,53523
1665 Hillside Rd,Cambridge,WI,53523
6220 Co Hwy TT,Marshall,WI,53559
618 Vitse Ln,Marshall,WI,53559
3117 Nightingale Ln,Middleton,WI,53562
441 Lexington Dr,Oregon,WI,53575
311 Taylor Ln,Stoughton,WI,53589
? Bolz Conservancy Path,Waunakee,WI,53597
9063 County Rd C,Fort Atkinson,WI,53538
483 W Washington St,Stoughton,WI,53589
5080 Bong Rd,Waunakee,WI,53597
5850 Cherry Ln,Marshall,WI,53559
7518 Norway Rd,?,WI,53532
363 Co Rd B,Cambridge,WI,53523
4050 Schneider Dr,Stoughton,WI,53589
233 Fair Oak Rd,Deerfield,WI,53531
10 WI-138,Stoughton,WI,53589
1222 US-14,Oregon,WI,53575
1350 Koshkonong Rd,Cambridge,WI,53523
101 Biglow Rd,Brooklyn,WI,53521
2317 E Johnson St,Madison,WI,53704
805 York Center Rd,Marshall,WI,53559
1945 Skaalen Rd,Stoughton,WI,53589
7600 W Stebbinsville Rd,Edgerton,WI,53534
1 Troy Dr,Madison,WI,53704
3447 Burke Rd,Madison,WI,53718
2307 Superior St,Madison,WI,53704
3618 County Rd A,Stoughton,WI,53589
N5161 Co Rd A,Cambridge,WI,53523
5273 Oak Park Rd,Marshall,WI,53559
1640 Drotning Rd,Stoughton,WI,53589
2620 Clear View Rd,Cambridge,WI,53523
4525 Missouri Rd,Marshall,WI,53559
2764 Klubertanz Ln,Stoughton,WI,53589
118 County Highway N,Edgerton,WI,53534
4883 Maple Ave,Fitchburg,WI,53711
N5859 Co Rd A,Cambridge,WI,53523
1889 Hubred Ln,Deerfield,WI,53531
2969 County Rd W,Deerfield,WI,53531
62 US-12,Cambridge,WI,53523
7519 Valley Hill Rd,Columbus,WI,53925
? US-12,Cambridge,WI,53523
672 Glenway Rd,Oregon,WI,53575
3900 Mahoney Rd,McFarland,WI,53558
176 E Rockdale Rd,Cambridge,WI,53523
5501 Osborn Dr,McFarland,WI,53558
267 Edgerton Rd,Edgerton,WI,53534
968 Clarkson Rd,Marshall,WI,53559
2539 Peiper Rd,Cottage Grove,WI,53527
400 Hillside Rd,Edgerton,WI,53534
W9510 Blue Jay Way,Cambridge,WI,53523
588 WI-73,Edgerton,WI,53534
? Henning Rd,Marshall,WI,53559
5265 Femrite Dr,Madison,WI,53718
? I-90,Madison,WI,53718
1981 Hillside Rd,Cambridge,WI,53523
1071 Starr School Rd,Stoughton,WI,53589
6903 Janisch Rd,Sun Prairie,WI,53590
3045 Clear View Rd,Cambridge,WI,53523
2679 W Star Rd,Stoughton,WI,53589
5812 County Hwy M,Fitchburg,WI,53575
2101 Pennsylvania Ave,Sun Prairie,WI,53590
2709 Clear View Rd,Cambridge,WI,53523
N3252 Asje Rd,Cambridge,WI,53523
4936 E Clayton Rd,Fitchburg,WI,53711
3626 Old Stage Rd,Brooklyn,WI,53521
4005 Webster Ct,Middleton,WI,53562
662 US-12,Deerfield,WI,53531
997 Nuland Rd,Deerfield,WI,53531
N3106 S Oakland Rd,Fort Atkinson,WI,53538
1994 Timber Lake Rd,Fitchburg,WI,53575
? Otter Ln,Marshall,WI,53559
4834 Siggelkow Rd,McFarland,WI,53558
485 E Medina Rd,Marshall,WI,53559
112 Co Hwy MM,Brooklyn,WI,53521
2036 Spring Rd,Stoughton,WI,53589
N7388 Airport Rd,Waterloo,WI,53594
1841 Caine Rd,Fitchburg,WI,53575
? Platt Rd,Stoughton,WI,53589
1776 Labrador Rd,Oregon,WI,53575
N3252 Asje Rd,Cambridge,WI,53523
4425 Catalina Pkwy,Madison,WI,53718
? Otter Ln,Marshall,WI,53559
110 Farley Ave,Madison,WI,53705
308 Debs Rd,Madison,WI,53704
N7420 Rock Lake Rd,Lake Mills,WI,53551
5898 Adams Rd,Fitchburg,WI,53575
2124 Leslie Rd,Stoughton,WI,53589
3800 Saddlebred Ln,Deerfield,WI,53531
1506 Cottage Grove Rd,Deerfield,WI,53531
6561 US-51,DeForest,WI,53532
1947 Yelk Rd,Marshall,WI,53559
4904 Midmoor Rd,Monona,WI,53716
728 Weald Bridge Rd,Cottage Grove,WI,53527
813 Spaight St,Madison,WI,53703
2327 Mueller Rd,Sun Prairie,WI,53590
1299 Lea Dr,Marshall,WI,53559
6393 Everest Dr,Madison,WI,53719
10243 W Stearns Rd,Evansville,WI,53536
N5934 County Rd S,Lake Mills,WI,53551
1924 County Rd N,Stoughton,WI,53589
6271 Whalen Rd,Fitchburg,WI,53593
2323 Co Rd BB,Cottage Grove,WI,53527
1321 Muller Rd,Marshall,WI,53559
3226 Rutland Dunn Town Line Rd,Stoughton,WI,53589
3758 Vilas Rd,Cottage Grove,WI,53527
407 Overlook Terrace,Marshall,WI,53559
1717 N Stoughton Rd,Madison,WI,53704
2685 Fitchrona Rd,Fitchburg,WI,53719
4887 Femrite Dr,Madison,WI,53716
3080 WI-134,Cambridge,WI,53523
7216 Greenway Rd,Marshall,WI,53559
401 O'Keeffe Ave,Sun Prairie,WI,53590
2614 Evergreen Dr,Cambridge,WI,53523
W9005 Hope Lake Rd,Cambridge,WI,53523
4925 Pierceville Rd,Cottage Grove,WI,53527
978 Mesa Dr,Oregon,WI,53575
3649 Pheasant Branch Rd,Middleton,WI,53562
5207 Co Hwy Q,Waunakee,WI,53597
6329 Schlimgen Rd,Marshall,WI,53559
? Havey Dr,Stoughton,WI,53589
363 Heiman Ln,Marshall,WI,53559
365 WI-138,Stoughton,WI,53589
577 US-51,Stoughton,WI,53589
4046 Vic Anderson Rd,Oregon,WI,53575
2592 Happy Valley Rd,Sun Prairie,WI,53590
1647 Susan Ln,Deerfield,WI,53531
322 N Blackhawk Ave,Madison,WI,53705
1677 Rinden Rd,Deerfield,WI,53531
? Badger State Trail,Fitchburg,WI,53575
368 Waterloo Rd,Marshall,WI,53559
N5236 Crossman Rd,Lake Mills,WI,53551
1027 W Medina Rd,Marshall,WI,53559
5548 Winsome Way,Fitchburg,WI,53575
6483 WI-73,Marshall,WI,53559
900 Olympic St,Sun Prairie,WI,53590
2810 County Rd W,Deerfield,WI,53531
3572 Bailey Rd,Sun Prairie,WI,53590
1010 North St,Madison,WI,53704
6610 Patton Rd,Waunakee,WI,53597
6444 Grandview Rd,Verona,WI,53593
4804 Pheasant Branch Rd,Middleton,WI,53562
4117 Bannon Rd,Marshall,WI,53559
4338 Missouri Rd,?,WI,?
4973 Ridge Rd,Deerfield,WI,53531
6264 Meffert Rd,Waunakee,WI,53597
5500 Easy St,Waunakee,WI,53597
110 N Gammon Rd,Madison,WI,53717
785 N Monroe St,Waterloo,WI,53594
6499 Beech Ct,Waunakee,WI,53597
5531 W Netherwood Rd,Oregon,WI,53575
3651 County Rd A,Stoughton,WI,53589
4551 Meadowview Rd,Madison,WI,53711
2844 Clear View Rd,Cambridge,WI,53523
2492 Door Creek Rd,Stoughton,WI,53589
? Corben Ct,Madison,WI,53704
1576 Spring Rd,Stoughton,WI,53589
2622 Co Hwy V,Sun Prairie,WI,53590
5817 Lochinvars Trail,Marshall,WI,53559
3518 Orvold Park Dr,McFarland,WI,53558
909 Hillside Rd,Edgerton,WI,53534
946 Canal Rd,Marshall,WI,53559
1276 Burve Rd,Deerfield,WI,53531
587 Hannerville Rd,Stoughton,WI,53589
4585 Schneider Dr,Oregon,WI,53575
6323 Co Rd VV,Sun Prairie,WI,53590
616 Raygen Rd,Marshall,WI,53559
2 Governors Island Pkwy,Madison,WI,53704
? Upper Yahara River Trail,DeForest,WI,53532
2001 Co Rd V,Sun Prairie,WI,53590
3850 McCaffrey Dr,Madison,WI,53713
917 Eagle Crest Dr,Madison,WI,53704
5428 Marie Rd,Oregon,WI,53575
W8396 Perry Rd,Fort Atkinson,WI,53538
3972 Plymouth Cir,Madison,WI,53705
5637 County Hwy N,Sun Prairie,WI,53590
1350 S Fish Hatchery Rd,Oregon,WI,53575
1948 County Rd N,Stoughton,WI,53589
3070 Shadyside Dr,Stoughton,WI,53589
2300 Arboretum Dr,Madison,WI,53713
7584 Berry Ln,?,WI,53532
32 Prentice Pl,Madison,WI,53704
W9194 Ripley Rd,Cambridge,WI,53523
21 Golf Pkwy,Madison,WI,53704
786 Thronson Rd,Edgerton,WI,53534
1415 County Rd A,Edgerton,WI,53534
? US-14,Oregon,WI,53575
852 US-51,Stoughton,WI,53589
? Southwest Commuter Path,Madison,WI,53711
5554 Irish Ln,Fitchburg,WI,53711
7344 Zander Rd,Sun Prairie,WI,53590
5586 County Hwy N,Sun Prairie,WI,53590
118 County Highway N,Edgerton,WI,53534
N2136 Rockdale Rd,Edgerton,WI,53534
5521 Sunset Trail,Waunakee,WI,53597
3869 Rutland Dunn Town Line Rd,Oregon,WI,53575
9272 Woodside School Rd,Cambridge,WI,53523
1469 County Rd A,Edgerton,WI,53534
3096 Kinney Rd,Cottage Grove,WI,53527
2236 Schadel Rd,Cottage Grove,WI,53527
2569 Clear View Rd,Cambridge,WI,53523
400 Roland Ct,Cottage Grove,WI,53527
6820 Aspnes Rd,?,WI,53532
1170 Gunderson Ln,Deerfield,WI,53531
4503 Field Ave,McFarland,WI,53558
N6310 County Rd S,Lake Mills,WI,53551
5548 Winsome Way,Fitchburg,WI,53575
W8008 Perry Rd,Fort Atkinson,WI,53538
3472 Orvold Park Dr,McFarland,WI,53558
2490 Clear View Rd,Cambridge,WI,53523
4142 W Ridge Rd,Cottage Grove,WI,53527
2560 Mutchler Rd,Fitchburg,WI,53711
11400 WI-59,Evansville,WI,53536
1520 US-12,Deerfield,WI,53531
3760 Marsh Rd,Madison,WI,53718
901 N Stoughton Rd,Madison,WI,53714
6944 Janisch Rd,Sun Prairie,WI,53590
990 Zechzer Rd,Deerfield,WI,53531
5500 Colleen Cir,Fitchburg,WI,53711
2395 County Hwy N,Stoughton,WI,53589
915 Kings Lynn Rd,Stoughton,WI,53589
2400 Lake Mendota Dr,Madison,WI,53705
1956 Quam Point Rd,Stoughton,WI,53589
396 Game Ridge Trail,Oregon,WI,53575
? Southwest Commuter Path,Madison,WI,53711
6117 Lacy Rd,Fitchburg,WI,53593
800 County Rd A,Cambridge,WI,53523
211 Canal Rd,Marshall,WI,53559
3969 Dvorak Rd,Deerfield,WI,53531
? I-90,Edgerton,WI,53534
920 Storytown Rd,Brooklyn,WI,53521
2395 County Hwy N,Stoughton,WI,53589
4102 Maple Grove Dr,Madison,WI,53719
1821 US-12,Deerfield,WI,53531
6944 Janisch Rd,Sun Prairie,WI,53590
313 Oriole Ln,Cambridge,WI,53523
499 Fischer Rd,Waterloo,WI,53594
1024 Co Rd B,Cambridge,WI,53523
6401 Co Rd TT,Marshall,WI,53559
6854 Wilburn Rd,Sun Prairie,WI,53590
30 Bublitz Rd,Edgerton,WI,53534
7059 Marshall Rd,Waterloo,WI,53594
? Badger State Trail,Fitchburg,WI,53575
1214 Arboretum Ct,Waunakee,WI,53597
3110 Mitchell St,Madison,WI,53704
3727 Nelson Ln,Deerfield,WI,53531
2533 Mutchler Rd,Fitchburg,WI,53711
W9329 Britzke Rd,Cambridge,WI,53523
W8196 Nelson Ln,Lake Mills,WI,53551
6837 Elder Ln,Sun Prairie,WI,53590
1002 Nuland Rd,Deerfield,WI,53531
270 Old Lund Rd,Cambridge,WI,53523
6092 Co Hwy TT,Marshall,WI,53559
? Pheasant Branch Trail,Middleton,WI,53562
? Ballweg Dr,Sun Prairie,WI,53590
5861 Hoepker Rd,Madison,WI,53718
? US-12,Madison,WI,53718
3781 N Fair Oak Rd,Deerfield,WI,53531
1390 County Rd W,Stoughton,WI,53589
7059 Marshall Rd,Waterloo,WI,53594
3951 S Coffeytown Rd,Cottage Grove,WI,53527
420 Marston Ave,Madison,WI,53703
1340 Olstad Rd,Deerfield,WI,53531
? Stonedahl Rd,Cottage Grove,WI,53527
4761 Murphy Rd,Fitchburg,WI,53575
1703 County Rd W,Stoughton,WI,53589
616 Raygen Rd,Marshall,WI,53559
N3252 Asje Rd,Cambridge,WI,53523
900 Koshkonong Rd,Cambridge,WI,53523
601 W Badger Rd,Madison,WI,53713
803 W Dean Ave,Madison,WI,53716
2659 Highland Dr,Cambridge,WI,53523
6384 Co Hwy K,Waunakee,WI,53597
499 Fischer Rd,Waterloo,WI,53594
W8954 London Rd,Cambridge,WI,53523
1548 US-51,Stoughton,WI,53589
184 County Hwy TV,Waterloo,WI,53594
261 Fair Oak Rd,Deerfield,WI,53531
5179 Bong Rd,Waunakee,WI,53597
6626 County Hwy N,Sun Prairie,WI,53590
1694 Tower Dr,Stoughton,WI,53589
4887 Ridge Rd,Deerfield,WI,53531
2080 Washington Rd,Stoughton,WI,53589
1691 County Rd E,Blue Mounds,WI,53517
W8216 Perry Rd,Fort Atkinson,WI,53538
26 Bublitz Rd,Edgerton,WI,53534
213 Kellogg Rd,Edgerton,WI,53534
2660 US-51,McFarland,WI,53558
? Jackson Landing Trail,Waunakee,WI,53597
3868 Old Stone Rd,Oregon,WI,53575
809 Dane St,Madison,WI,53713
1285 Olstad Rd,Deerfield,WI,53531
3946 Plymouth Cir,Madison,WI,53705
3666 Ice Age Dr,Madison,WI,53719
1583 Berlin Rd,Marshall,WI,53559
671 Thornson Dr,Edgerton,WI,53534
2011 County Rd W,Stoughton,WI,53589
5426 Tower Line Rd,Marshall,WI,53559
4013 County Hwy AB,Madison,WI,53718
3400 Memorial Dr,Madison,WI,53704
4983 Pheasant Branch Rd,Middleton,WI,53562
4911 Ridge Rd,Deerfield,WI,53531
4226 Windflower Way,Madison,WI,53711
4449 Libby Rd,Madison,WI,53711
1400 Furseth Rd,Stoughton,WI,53589
517 Hilltop Dr,Madison,WI,53711
5082 Oak Park Rd,Marshall,WI,53559
5390 Whalen Rd,Fitchburg,WI,53575
381 Co Hwy X,Edgerton,WI,53534
10071 N Wilder Rd,Evansville,WI,53536
2167 Middleton Beach Rd,Middleton,WI,53562
3752 Oak Park Rd,Deerfield,WI,53531
160 N Mallard Dr,Sun Prairie,WI,53590
3447 County Rd A,Stoughton,WI,53589
1221 Tower Dr,Stoughton,WI,53589
3295 Rutland Dunn Town Line Rd,Stoughton,WI,53589
2637 Circle Dr,Stoughton,WI,53589
4 Brickson Rd,Edgerton,WI,53534
2731 Scott St,Cambridge,WI,53523
7526 County Hwy N,Sun Prairie,WI,53590
4232 Old Stage Rd,Brooklyn,WI,53521
133 E Mac Arthur St,Sun Prairie,WI,53590
2731 Tami Trail,Fitchburg,WI,53711
3056 Co Rd V,?,WI,53532
5223 Locust Grove Rd,Oregon,WI,53575
6492 County Rd N,Sun Prairie,WI,53590
? Shorewood Boathouse Access,Madison,WI,53705
7675 County Rd O,Waterloo,WI,53594
611 Oak Ridge Rd,Oregon,WI,53575
6257 Co Hwy I,Waunakee,WI,53597
1407 Lake Kegonsa Rd,Stoughton,WI,53589
4852 WI-73,Marshall,WI,53559
9063 County Rd C,Fort Atkinson,WI,53538
5475 Oak Park Rd,Marshall,WI,53559
1919 Meadow Ln,Sun Prairie,WI,53590
? County Rd B,Waterloo,WI,53594
200 Columbia Ave,DeForest,WI,53532
2860 Co Hwy V,Sun Prairie,WI,53590
2267 Williams Point Dr,Stoughton,WI,53589
4631 Missouri Rd,Marshall,WI,53559
4666 Rutland Dunn Town Line Rd,Oregon,WI,53575
3504 Old Stone Rd,Oregon,WI,53575
5599 Yahara Riv,Waunakee,WI,53597
5988 Adams Rd,Fitchburg,WI,53575
N3127 S Cedar Rd,Cambridge,WI,53523
4525 Missouri Rd,Marshall,WI,53559
? Military Ridge State Trail,Verona,WI,53593
2510 Daniels St,Madison,WI,53718
1756 Berlin Rd,Marshall,WI,53559
2980 Waubesa Ave,Madison,WI,53711
1611 Co Rd D,Oregon,WI,53575
4569 Kennedy Rd,Cottage Grove,WI,53527
87 N Union Rd,Brooklyn,WI,53521
14101 W Union Dane County Line Rd,Brooklyn,WI,53521
714 Pulley Dr,Madison,WI,53714
1800 Mueller Rd,Sun Prairie,WI,53590
7019 WI-73,Marshall,WI,53559
N8083 Fuchs Ln,Waterloo,WI,53594
290 Munson Rd,Cambridge,WI,53523
3584 W Union Dane County Line Rd,Brooklyn,WI,53521
281 County Hwy TV,Waterloo,WI,53594
4370 Messerschmidt Rd,Madison,WI,53704
N8817 County Rd O,Waterloo,WI,53594
1693 Hammond Rd,Edgerton,WI,53534
5361 County Hwy M,Fitchburg,WI,53575
2692 Co Hwy MM,Fitchburg,WI,53575
N5002 Co Rd A,Cambridge,WI,53523
1064 Co Rd B,Cambridge,WI,53523
1209 WI-19,Marshall,WI,53559
? WI-106,Edgerton,WI,53534
3147 Giehler Dr,Stoughton,WI,53589
336 Hoopen Rd,Cambridge,WI,53523
3702 Hanson Rd,Madison,WI,53704
859 Wedgewood Way,Madison,WI,53711
1481 E Church Rd,Stoughton,WI,53589
101 E Rockdale Rd,Cambridge,WI,53523
4546 Tompkins Dr,Madison,WI,53716
1153 Petra Pl,Madison,WI,53713
3671 W Jargo Rd,Deerfield,WI,53531
? US-14,Fitchburg,WI,53711
1585 Co Rd BB,Deerfield,WI,53531
5129 Terminal Dr,McFarland,WI,53558
3354 Congress Ave,Madison,WI,53718
4274 Weier Ln,Deerfield,WI,53531
3747 Meadowbrooke Cir,?,WI,53532
? Six Mile Trail,Waunakee,WI,53597
793 Hildreth Rd,Stoughton,WI,53589
3367 Prairie Dr,Cambridge,WI,53523
6303 Meffert Rd,Waunakee,WI,53597
153 Edgerton Rd,Edgerton,WI,53534
5131 Byrne Rd,Fitchburg,WI,53575
5301 Tonyawatha Trail,Monona,WI,53716
2315 County Rd W,Cambridge,WI,53523
3294 Vinburn Rd,Sun Prairie,WI,53590
2065 Hillside Rd,Cambridge,WI,53523
4003 Vinburn Rd,?,WI,53532
1628 Holland Dr,Edgerton,WI,53534
760 County Rd A,Edgerton,WI,53534
6721 Deansville Rd,Marshall,WI,53559
6940 Wilburn Rd,Sun Prairie,WI,53590
560 Albion Rd,Edgerton,WI,53534
700 Bass Lake Rd,Stoughton,WI,53589
217 S Van Buren St,Stoughton,WI,53589
1556 Co Rd BB,Deerfield,WI,53531
3248 Prairie Dr,Deerfield,WI,53531
204 Michelle Ln,Cottage Grove,WI,53527
5221 Byrne Rd,Fitchburg,WI,53575
651 US-51,Stoughton,WI,53589
7200 Voss Pkwy,Middleton,WI,53562
W8941 Marsh Rd,Fort Atkinson,WI,53538
4000 International Ln,Madison,WI,53704
W9474 Schollmeyer Ln,Marshall,WI,53559
5082 Walter Rd,Waunakee,WI,53597
1108 US-12,Deerfield,WI,53531
7675 County Rd O,Waterloo,WI,53594
11366 Washington Rd,Edgerton,WI,53534
112 County Hwy N,Edgerton,WI,53534
2043 S Fish Hatchery Rd,Fitchburg,WI,53575
N7933 WI-89,Waterloo,WI,53594
5383 Kelly Rd,Sun Prairie,WI,53590
214 Windsor Ct,Madison,WI,53714
2501 County Hwy MN,Cottage Grove,WI,53527
3431 Mueller Rd,?,WI,53532
7600 Portage Rd,?,WI,53532
2926 Atwood Ave,Madison,WI,53704
? Oregon to Badger State Trail Phase 1,Oregon,WI,53575
5325 Comanche Way,Madison,WI,53704
4852 WI-73,Marshall,WI,53559
2426 County Hwy AB,McFarland,WI,53558
W8968 Kenny Ln,Waterloo,WI,53594
N3544 County Rd A,Fort Atkinson,WI,53538
4227 Oak Lane Rd,Brooklyn,WI,53521
2306 Badger Pkwy,Madison,WI,53713
515 Farwell Dr,Madison,WI,53704
7600 W Stebbinsville Rd,Edgerton,WI,53534
